<?xml version="1.0" encoding="UTF-8"?>
<scpd xmlns="urn:schemas-upnp-org:service-1-0">
   <specVersion>
      <major>1</major>
      <minor>0</minor>
   </specVersion>
   <actionList>
      <action>
         <name>CustomerGetNamedOption</name>
         <argumentList>
            <argument>
               <name>Option</name>
               <direction>in</direction>
               <relatedStateVariable>String</relatedStateVariable>
            </argument>
            <argument>
               <name>Value</name>
               <direction>out</direction>
               <relatedStateVariable>String</relatedStateVariable>
            </argument>
            <argument>
               <name>Error</name>
               <direction>out</direction>
               <relatedStateVariable>String</relatedStateVariable>
            </argument>
         </argumentList>
      </action>
      <action>
         <name>CustomerNamedOptionEnum</name>
         <argumentList>
            <argument>
               <name>XML</name>
               <direction>out</direction>
               <relatedStateVariable>String</relatedStateVariable>
            </argument>
            <argument>
               <name>Error</name>
               <direction>out</direction>
               <relatedStateVariable>String</relatedStateVariable>
            </argument>
         </argumentList>
      </action>
      <action>
         <name>CustomerSetNamedOption</name>
         <argumentList>
            <argument>
               <name>Option</name>
               <direction>in</direction>
               <relatedStateVariable>String</relatedStateVariable>
            </argument>
            <argument>
               <name>Value</name>
               <direction>in</direction>
               <relatedStateVariable>String</relatedStateVariable>
            </argument>
            <argument>
               <name>Error</name>
               <direction>out</direction>
               <relatedStateVariable>String</relatedStateVariable>
            </argument>
         </argumentList>
      </action>
      <action>
         <name>DispModeEnum</name>
         <argumentList>
            <argument>
               <name>XML</name>
               <direction>out</direction>
               <relatedStateVariable>String</relatedStateVariable>
            </argument>
            <argument>
               <name>Error</name>
               <direction>out</direction>
               <relatedStateVariable>String</relatedStateVariable>
            </argument>
         </argumentList>
      </action>
      <action>
         <name>DispSetMode</name>
         <argumentList>
            <argument>
               <name>Index</name>
               <direction>in</direction>
               <relatedStateVariable>Int</relatedStateVariable>
            </argument>
            <argument>
               <name>Error</name>
               <direction>out</direction>
               <relatedStateVariable>String</relatedStateVariable>
            </argument>
         </argumentList>
      </action>
      <action>
         <name>FileEnum</name>
         <argumentList>
            <argument>
               <name>XML</name>
               <direction>out</direction>
               <relatedStateVariable>String</relatedStateVariable>
            </argument>
            <argument>
               <name>Error</name>
               <direction>out</direction>
               <relatedStateVariable>String</relatedStateVariable>
            </argument>
         </argumentList>
      </action>
      <action>
         <name>FileGetInfo</name>
         <argumentList>
            <argument>
               <name>Index</name>
               <direction>in</direction>
               <relatedStateVariable>Int</relatedStateVariable>
            </argument>
            <argument>
               <name>FileName</name>
               <direction>out</direction>
               <relatedStateVariable>String</relatedStateVariable>
            </argument>
            <argument>
               <name>Company</name>
               <direction>out</direction>
               <relatedStateVariable>String</relatedStateVariable>
            </argument>
            <argument>
               <name>Date</name>
               <direction>out</direction>
               <relatedStateVariable>String</relatedStateVariable>
            </argument>
            <argument>
               <name>Version</name>
               <direction>out</direction>
               <relatedStateVariable>String</relatedStateVariable>
            </argument>
            <argument>
               <name>Error</name>
               <direction>out</direction>
               <relatedStateVariable>String</relatedStateVariable>
            </argument>
         </argumentList>
      </action>
      <action>
         <name>FtpGetSettings</name>
         <argumentList>
            <argument>
               <name>Enabled</name>
               <direction>out</direction>
               <relatedStateVariable>Bool</relatedStateVariable>
            </argument>
            <argument>
               <name>Anon</name>
               <direction>out</direction>
               <relatedStateVariable>Bool</relatedStateVariable>
            </argument>
            <argument>
               <name>AnonUpload</name>
               <direction>out</direction>
               <relatedStateVariable>Bool</relatedStateVariable>
            </argument>
            <argument>
               <name>AnonVroots</name>
               <direction>out</direction>
               <relatedStateVariable>Bool</relatedStateVariable>
            </argument>
            <argument>
               <name>Auth</name>
               <direction>out</direction>
               <relatedStateVariable>Bool</relatedStateVariable>
            </argument>
            <argument>
               <name>DefaultDir</name>
               <direction>out</direction>
               <relatedStateVariable>String</relatedStateVariable>
            </argument>
            <argument>
               <name>Error</name>
               <direction>out</direction>
               <relatedStateVariable>String</relatedStateVariable>
            </argument>
         </argumentList>
      </action>
      <action>
         <name>FtpSetSettings</name>
         <argumentList>
            <argument>
               <name>Enabled</name>
               <direction>in</direction>
               <relatedStateVariable>Bool</relatedStateVariable>
            </argument>
            <argument>
               <name>Anon</name>
               <direction>in</direction>
               <relatedStateVariable>Bool</relatedStateVariable>
            </argument>
            <argument>
               <name>AnonUpload</name>
               <direction>in</direction>
               <relatedStateVariable>Bool</relatedStateVariable>
            </argument>
            <argument>
               <name>AnonVroots</name>
               <direction>in</direction>
               <relatedStateVariable>Bool</relatedStateVariable>
            </argument>
            <argument>
               <name>Auth</name>
               <direction>in</direction>
               <relatedStateVariable>Bool</relatedStateVariable>
            </argument>
            <argument>
               <name>DefaultDir</name>
               <direction>in</direction>
               <relatedStateVariable>String</relatedStateVariable>
            </argument>
            <argument>
               <name>Error</name>
               <direction>out</direction>
               <relatedStateVariable>String</relatedStateVariable>
            </argument>
         </argumentList>
      </action>
        <action>
         <name>FwAddRule</name>
         <argumentList>
            <argument>
               <name>Type</name>
               <direction>in</direction>
               <relatedStateVariable>Int</relatedStateVariable>
            </argument>
            <argument>
               <name>PortMin</name>
               <direction>in</direction>
               <relatedStateVariable>Int</relatedStateVariable>
            </argument>
            <argument>
               <name>PortMax</name>
               <direction>in</direction>
               <relatedStateVariable>Int</relatedStateVariable>
            </argument>    
            <argument>
               <name>Protocol</name>
               <direction>in</direction>
               <relatedStateVariable>Int</relatedStateVariable>
            </argument>
            <argument>
               <name>IpAddress</name>
               <direction>in</direction>
               <relatedStateVariable>String</relatedStateVariable>
            </argument>
            <argument>
               <name>IpMask</name>
               <direction>in</direction>
               <relatedStateVariable>String</relatedStateVariable>
            </argument>
            <argument>
               <name>Active</name>
               <direction>in</direction>
               <relatedStateVariable>Bool</relatedStateVariable>
            </argument>
            <argument>
               <name>Description</name>
               <direction>in</direction>
               <relatedStateVariable>String</relatedStateVariable>
            </argument>
            <argument>
               <name>Error</name>
               <direction>out</direction>
               <relatedStateVariable>String</relatedStateVariable>
            </argument>
         </argumentList>
        </action>
        <action>
         <name>FwDeleteRule</name>
         <argumentList>
            <argument>
               <name>Index</name>
               <direction>in</direction>
               <relatedStateVariable>Int</relatedStateVariable>
            </argument>
            <argument>
               <name>Error</name>
               <direction>out</direction>
               <relatedStateVariable>String</relatedStateVariable>
            </argument>
         </argumentList>
        </action>
        <action>
         <name>FwGetSettings</name>
         <argumentList>
            <argument>
               <name>Enabled</name>
               <direction>out</direction>
               <relatedStateVariable>Bool</relatedStateVariable>
            </argument>
            <argument>
               <name>Persist</name>
               <direction>out</direction>
               <relatedStateVariable>Bool</relatedStateVariable>
            </argument>
            <argument>
               <name>Error</name>
               <direction>out</direction>
               <relatedStateVariable>String</relatedStateVariable>
            </argument>
         </argumentList>
        </action>
        <action>
         <name>FwEnableRule</name>
         <argumentList>
            <argument>
               <name>Index</name>
               <direction>in</direction>
               <relatedStateVariable>Int</relatedStateVariable>
            </argument>
            <argument>
               <name>Enabled</name>
               <direction>in</direction>
               <relatedStateVariable>Bool</relatedStateVariable>
            </argument>
            <argument>
               <name>Error</name>
               <direction>out</direction>
               <relatedStateVariable>String</relatedStateVariable>
            </argument>
         </argumentList>
        </action>
        <action>
         <name>FwRuleEnum</name>
         <argumentList>
            <argument>
               <name>XML</name>
               <direction>out</direction>
               <relatedStateVariable>String</relatedStateVariable>
            </argument>
            <argument>
               <name>Error</name>
               <direction>out</direction>
               <relatedStateVariable>String</relatedStateVariable>
            </argument>
         </argumentList>
        </action>
        <action>
         <name>FwSetSettings</name>
         <argumentList>
            <argument>
               <name>Enabled</name>
               <direction>in</direction>
               <relatedStateVariable>Bool</relatedStateVariable>
            </argument>
            <argument>
               <name>Persist</name>
               <direction>in</direction>
               <relatedStateVariable>Bool</relatedStateVariable>
            </argument>
            <argument>
               <name>Error</name>
               <direction>out</direction>
               <relatedStateVariable>String</relatedStateVariable>
            </argument>
         </argumentList>
        </action>
      <action>
         <name>MiscExecute</name>
         <argumentList>
            <argument>
               <name>FileName</name>
               <direction>in</direction>
               <relatedStateVariable>String</relatedStateVariable>
            </argument>
            <argument>
               <name>Data</name>
               <direction>in</direction>
               <relatedStateVariable>String</relatedStateVariable>
            </argument>
            <argument>
               <name>Error</name>
               <direction>out</direction>
               <relatedStateVariable>String</relatedStateVariable>
            </argument>
         </argumentList>
      </action>
      <action>
         <name>MiscGetPrintView</name>
         <argumentList>
            <argument>
               <name>ShowSystem</name>
               <direction>in</direction>
               <relatedStateVariable>Bool</relatedStateVariable>
            </argument>
            <argument>
               <name>ShowNetwork</name>
               <direction>in</direction>
               <relatedStateVariable>Bool</relatedStateVariable>
            </argument>
            <argument>
               <name>ShowFiles</name>
               <direction>in</direction>
               <relatedStateVariable>Bool</relatedStateVariable>
            </argument>
            <argument>
               <name>ShowDisplay</name>
               <direction>in</direction>
               <relatedStateVariable>Bool</relatedStateVariable>
            </argument>
            <argument>
               <name>ShowTime</name>
               <direction>in</direction>
               <relatedStateVariable>Bool</relatedStateVariable>
            </argument>
            <argument>
               <name>ShowMisc</name>
               <direction>in</direction>
               <relatedStateVariable>Bool</relatedStateVariable>
            </argument>
            <argument>
               <name>ShowCustomer</name>
               <direction>in</direction>
               <relatedStateVariable>Bool</relatedStateVariable>
            </argument>
            <argument>
               <name>ShowUser</name>
               <direction>in</direction>
               <relatedStateVariable>Bool</relatedStateVariable>
            </argument>
            <argument>
               <name>ShowRas</name>
               <direction>in</direction>
               <relatedStateVariable>Bool</relatedStateVariable>
            </argument>
            <argument>
               <name>ShowFtp</name>
               <direction>in</direction>
               <relatedStateVariable>Bool</relatedStateVariable>
            </argument>
            <argument>
               <name>ShowTwinCat</name>
               <direction>in</direction>
               <relatedStateVariable>Bool</relatedStateVariable>
            </argument>
            <argument>
               <name>ShowShares</name>
               <direction>in</direction>
               <relatedStateVariable>Bool</relatedStateVariable>
            </argument>
            <argument>
               <name>ShowFirewall</name>
               <direction>in</direction>
               <relatedStateVariable>Bool</relatedStateVariable>
            </argument>
            <argument>
               <name>Text</name>
               <direction>out</direction>
               <relatedStateVariable>String</relatedStateVariable>
            </argument>
            <argument>
               <name>Error</name>
               <direction>out</direction>
               <relatedStateVariable>String</relatedStateVariable>
            </argument>
         </argumentList>
      </action>
      <action>
         <name>MiscGetSettings</name>
         <argumentList>
            <argument>
               <name>NumState</name>
               <direction>out</direction>
               <relatedStateVariable>Bool</relatedStateVariable>
            </argument>
            <argument>
               <name>Error</name>
               <direction>out</direction>
               <relatedStateVariable>String</relatedStateVariable>
            </argument>
         </argumentList>
      </action>
      <action>
         <name>MiscGetSubFolders</name>
         <argumentList>
            <argument>
               <name>Folder</name>
               <direction>in</direction>
               <relatedStateVariable>String</relatedStateVariable>
            </argument>
            <argument>
               <name>XML</name>
               <direction>out</direction>
               <relatedStateVariable>String</relatedStateVariable>
            </argument>
            <argument>
               <name>Error</name>
               <direction>out</direction>
               <relatedStateVariable>String</relatedStateVariable>
            </argument>
         </argumentList>
      </action>
      <action>
         <name>MiscReboot</name>
         <argumentList>
            <argument>
               <name>Error</name>
               <direction>out</direction>
               <relatedStateVariable>String</relatedStateVariable>
            </argument>
         </argumentList>
      </action>
      <action>
         <name>MiscRestore</name>
         <argumentList>
            <argument>
               <name>Error</name>
               <direction>out</direction>
               <relatedStateVariable>String</relatedStateVariable>
            </argument>
         </argumentList>
      </action>
      <action>
         <name>MiscSetSettings</name>
         <argumentList>
            <argument>
               <name>NumState</name>
               <direction>in</direction>
               <relatedStateVariable>Bool</relatedStateVariable>
            </argument>
            <argument>
               <name>Error</name>
               <direction>out</direction>
               <relatedStateVariable>String</relatedStateVariable>
            </argument>
         </argumentList>
      </action>
      <action>
         <name>MiscShowPages</name>
         <argumentList>
            <argument>
               <name>RAS</name>
               <direction>out</direction>
               <relatedStateVariable>Bool</relatedStateVariable>
            </argument>
            <argument>
               <name>SMB</name>
               <direction>out</direction>
               <relatedStateVariable>Bool</relatedStateVariable>
            </argument>
            <argument>
               <name>Error</name>
               <direction>out</direction>
               <relatedStateVariable>String</relatedStateVariable>
            </argument>
         </argumentList>
      </action>
      <action>
         <name>NicEnum</name>
         <argumentList>
            <argument>
               <name>XML</name>
               <direction>out</direction>
               <relatedStateVariable>String</relatedStateVariable>
            </argument>
            <argument>
               <name>Error</name>
               <direction>out</direction>
               <relatedStateVariable>String</relatedStateVariable>
            </argument>
         </argumentList>
      </action>
      <action>
         <name>NicGetSettings</name>
         <argumentList>
            <argument>
               <name>Index</name>
               <direction>in</direction>
               <relatedStateVariable>Int</relatedStateVariable>
            </argument>
            <argument>
               <name>Name</name>
               <direction>out</direction>
               <relatedStateVariable>String</relatedStateVariable>
            </argument>
            <argument>
               <name>Address</name>
               <direction>out</direction>
               <relatedStateVariable>String</relatedStateVariable>
            </argument>
            <argument>
               <name>MacAddress</name>
               <direction>out</direction>
               <relatedStateVariable>String</relatedStateVariable>
            </argument>
            <argument>
               <name>Mask</name>
               <direction>out</direction>
               <relatedStateVariable>String</relatedStateVariable>
            </argument>
            <argument>
               <name>DhcpEnabled</name>
               <direction>out</direction>
               <relatedStateVariable>Bool</relatedStateVariable>
            </argument>
            <argument>
               <name>Error</name>
               <direction>out</direction>
               <relatedStateVariable>String</relatedStateVariable>
            </argument>
         </argumentList>
      </action>
      <action>
         <name>NicIpRouting</name>
         <argumentList>
            <argument>
               <name>Enabled</name>
               <direction>in</direction>
               <relatedStateVariable>Bool</relatedStateVariable>
            </argument>
            <argument>
               <name>Error</name>
               <direction>out</direction>
               <relatedStateVariable>String</relatedStateVariable>
            </argument>
         </argumentList>
      </action>
      <action>
         <name>NicSetSettings</name>
         <argumentList>
            <argument>
               <name>Index</name>
               <direction>in</direction>
               <relatedStateVariable>Int</relatedStateVariable>
            </argument>
            <argument>
               <name>Address</name>
               <direction>in</direction>
               <relatedStateVariable>String</relatedStateVariable>
            </argument>
            <argument>
               <name>Mask</name>
               <direction>in</direction>
               <relatedStateVariable>String</relatedStateVariable>
            </argument>
            <argument>
               <name>DhcpEnabled</name>
               <direction>in</direction>
               <relatedStateVariable>Bool</relatedStateVariable>
            </argument>
            <argument>
               <name>Error</name>
               <direction>out</direction>
               <relatedStateVariable>String</relatedStateVariable>
            </argument>
         </argumentList>
      </action>
      <action>
         <name>PlcAddFav</name>
         <argumentList>
            <argument>
               <name>Path</name>
               <direction>in</direction>
               <relatedStateVariable>String</relatedStateVariable>
            </argument>
            <argument>
               <name>Group</name>
               <direction>in</direction>
               <relatedStateVariable>String</relatedStateVariable>
            </argument>
            <argument>
               <name>Error</name>
               <direction>out</direction>
               <relatedStateVariable>String</relatedStateVariable>
            </argument>
         </argumentList>
      </action>
      <action>
         <name>PlcGetGroup</name>
         <argumentList>
            <argument>
               <name>Group</name>
               <direction>in</direction>
               <relatedStateVariable>String</relatedStateVariable>
            </argument>
            <argument>
               <name>XML</name>
               <direction>out</direction>
               <relatedStateVariable>String</relatedStateVariable>
            </argument>
            <argument>
               <name>Error</name>
               <direction>out</direction>
               <relatedStateVariable>String</relatedStateVariable>
            </argument>
         </argumentList>
      </action>
      <action>
         <name>PlcGetGroupEnum</name>
         <argumentList>
            <argument>
               <name>XML</name>
               <direction>out</direction>
               <relatedStateVariable>String</relatedStateVariable>
            </argument>
            <argument>
               <name>Error</name>
               <direction>out</direction>
               <relatedStateVariable>String</relatedStateVariable>
            </argument>
         </argumentList>
      </action>
      <action>
         <name>PlcGetSymbols</name>
         <argumentList>
            <argument>
               <name>Path</name>
               <direction>in</direction>
               <relatedStateVariable>String</relatedStateVariable>
            </argument>
            <argument>
               <name>XML</name>
               <direction>out</direction>
               <relatedStateVariable>String</relatedStateVariable>
            </argument>
            <argument>
               <name>Error</name>
               <direction>out</direction>
               <relatedStateVariable>String</relatedStateVariable>
            </argument>
         </argumentList>
      </action>
      <action>
         <name>PlcRemoveFav</name>
         <argumentList>
            <argument>
               <name>Path</name>
               <direction>in</direction>
               <relatedStateVariable>String</relatedStateVariable>
            </argument>
            <argument>
               <name>Group</name>
               <direction>in</direction>
               <relatedStateVariable>String</relatedStateVariable>
            </argument>
            <argument>
               <name>Error</name>
               <direction>out</direction>
               <relatedStateVariable>String</relatedStateVariable>
            </argument>
         </argumentList>
      </action>
      <action>
         <name>PlcRemoveGroup</name>
         <argumentList>
            <argument>
               <name>Group</name>
               <direction>in</direction>
               <relatedStateVariable>String</relatedStateVariable>
            </argument>
            <argument>
               <name>Error</name>
               <direction>out</direction>
               <relatedStateVariable>String</relatedStateVariable>
            </argument>
         </argumentList>
      </action>
      <action>
         <name>RasEnableLine</name>
         <argumentList>
            <argument>
               <name>Index</name>
               <direction>in</direction>
               <relatedStateVariable>Int</relatedStateVariable>
            </argument>
            <argument>
               <name>Enabled</name>
               <direction>in</direction>
               <relatedStateVariable>Bool</relatedStateVariable>
            </argument>
            <argument>
               <name>Error</name>
               <direction>out</direction>
               <relatedStateVariable>String</relatedStateVariable>
            </argument>
         </argumentList>
      </action>
      <action>
         <name>RasGetSettings</name>
         <argumentList>
            <argument>
               <name>Enabled</name>
               <direction>out</direction>
               <relatedStateVariable>Bool</relatedStateVariable>
            </argument>
            <argument>
               <name>Slow</name>
               <direction>out</direction>
               <relatedStateVariable>Bool</relatedStateVariable>
            </argument>
            <argument>
               <name>AutoIp</name>
               <direction>out</direction>
               <relatedStateVariable>Bool</relatedStateVariable>
            </argument>
            <argument>
               <name>Dhcp</name>
               <direction>out</direction>
               <relatedStateVariable>Bool</relatedStateVariable>
            </argument>
            <argument>
               <name>IpCount</name>
               <direction>out</direction>
               <relatedStateVariable>Int</relatedStateVariable>
            </argument>
            <argument>
               <name>IpStart</name>
               <direction>out</direction>
               <relatedStateVariable>String</relatedStateVariable>
            </argument>
            <argument>
               <name>Error</name>
               <direction>out</direction>
               <relatedStateVariable>String</relatedStateVariable>
            </argument>
         </argumentList>
      </action>
      <action>
         <name>RasLineEnum</name>
         <argumentList>
            <argument>
               <name>XML</name>
               <direction>out</direction>
               <relatedStateVariable>String</relatedStateVariable>
            </argument>
            <argument>
               <name>Error</name>
               <direction>out</direction>
               <relatedStateVariable>String</relatedStateVariable>
            </argument>
         </argumentList>
      </action>
      <action>
         <name>RasSetSettings</name>
         <argumentList>
            <argument>
               <name>Enabled</name>
               <direction>in</direction>
               <relatedStateVariable>Bool</relatedStateVariable>
            </argument>
            <argument>
               <name>Slow</name>
               <direction>in</direction>
               <relatedStateVariable>Bool</relatedStateVariable>
            </argument>
            <argument>
               <name>AutoIp</name>
               <direction>in</direction>
               <relatedStateVariable>Bool</relatedStateVariable>
            </argument>
            <argument>
               <name>Dhcp</name>
               <direction>in</direction>
               <relatedStateVariable>Bool</relatedStateVariable>
            </argument>
            <argument>
               <name>IpCount</name>
               <direction>in</direction>
               <relatedStateVariable>Int</relatedStateVariable>
            </argument>
            <argument>
               <name>IpStart</name>
               <direction>in</direction>
               <relatedStateVariable>String</relatedStateVariable>
            </argument>
            <argument>
               <name>Error</name>
               <direction>out</direction>
               <relatedStateVariable>String</relatedStateVariable>
            </argument>
         </argumentList>
      </action>
      <action>
         <name>SecurityGet</name>
         <argumentList>
            <argument>
               <name>Level</name>
               <direction>out</direction>
               <relatedStateVariable>Int</relatedStateVariable>
            </argument>
            <argument>
               <name>Error</name>
               <direction>out</direction>
               <relatedStateVariable>String</relatedStateVariable>
            </argument>
         </argumentList>
      </action>
      <action>
         <name>SecuritySet</name>
         <argumentList>
            <argument>
               <name>Level</name>
               <direction>in</direction>
               <relatedStateVariable>Int</relatedStateVariable>
            </argument>
            <argument>
               <name>Error</name>
               <direction>out</direction>
               <relatedStateVariable>String</relatedStateVariable>
            </argument>
         </argumentList>
      </action>
      <action>
         <name>ShareAdd</name>
         <argumentList>
            <argument>
               <name>Name</name>
               <direction>in</direction>
               <relatedStateVariable>String</relatedStateVariable>
            </argument>
            <argument>
               <name>Path</name>
               <direction>in</direction>
               <relatedStateVariable>String</relatedStateVariable>
            </argument>
            <argument>
               <name>Error</name>
               <direction>out</direction>
               <relatedStateVariable>String</relatedStateVariable>
            </argument>
         </argumentList>
      </action>
      <action>
         <name>ShareDelete</name>
         <argumentList>
            <argument>
               <name>Name</name>
               <direction>in</direction>
               <relatedStateVariable>String</relatedStateVariable>
            </argument>
            <argument>
               <name>Error</name>
               <direction>out</direction>
               <relatedStateVariable>String</relatedStateVariable>
            </argument>
         </argumentList>
      </action>
      <action>
         <name>ShareEnum</name>
         <argumentList>
            <argument>
               <name>XML</name>
               <direction>out</direction>
               <relatedStateVariable>String</relatedStateVariable>
            </argument>
            <argument>
               <name>Error</name>
               <direction>out</direction>
               <relatedStateVariable>String</relatedStateVariable>
            </argument>
         </argumentList>
      </action>
      <action>
         <name>SysGetInfo</name>
         <argumentList>
            <argument>
               <name>DeviceName</name>
               <direction>out</direction>
               <relatedStateVariable>String</relatedStateVariable>
            </argument>
            <argument>
               <name>ImageVersion</name>
               <direction>out</direction>
               <relatedStateVariable>String</relatedStateVariable>
            </argument>
            <argument>
               <name>OsVersion</name>
               <direction>out</direction>
               <relatedStateVariable>String</relatedStateVariable>
            </argument>
            <argument>
               <name>Cpufreq</name>
               <direction>out</direction>
               <relatedStateVariable>Int</relatedStateVariable>
            </argument>
            <argument>
               <name>Error</name>
               <direction>out</direction>
               <relatedStateVariable>String</relatedStateVariable>
            </argument>
         </argumentList>
      </action>
      <action>
         <name>SysGetPerf</name>
         <argumentList>
            <argument>
               <name>Used</name>
               <direction>out</direction>
               <relatedStateVariable>Int</relatedStateVariable>
            </argument>
            <argument>
               <name>Total</name>
               <direction>out</direction>
               <relatedStateVariable>Int</relatedStateVariable>
            </argument>
            <argument>
               <name>sUsed</name>
               <direction>out</direction>
               <relatedStateVariable>Int</relatedStateVariable>
            </argument>
            <argument>
               <name>sTotal</name>
               <direction>out</direction>
               <relatedStateVariable>Int</relatedStateVariable>
            </argument>
            <argument>
               <name>sPercent</name>
               <direction>out</direction>
               <relatedStateVariable>Int</relatedStateVariable>
            </argument>
            <argument>
               <name>CpuUsage</name>
               <direction>out</direction>
               <relatedStateVariable>Int</relatedStateVariable>
            </argument>
            <argument>
               <name>Error</name>
               <direction>out</direction>
               <relatedStateVariable>String</relatedStateVariable>
            </argument>
         </argumentList>
      </action>
      <action>
         <name>SysSetDevName</name>
         <argumentList>
            <argument>
               <name>DeviceName</name>
               <direction>in</direction>
               <relatedStateVariable>String</relatedStateVariable>
            </argument>
            <argument>
               <name>Error</name>
               <direction>out</direction>
               <relatedStateVariable>String</relatedStateVariable>
            </argument>
         </argumentList>
      </action>
      <action>
         <name>SysSetMemDivision</name>
         <argumentList>
            <argument>
               <name>Percent</name>
               <direction>in</direction>
               <relatedStateVariable>Int</relatedStateVariable>
            </argument>
            <argument>
               <name>Error</name>
               <direction>out</direction>
               <relatedStateVariable>String</relatedStateVariable>
            </argument>
         </argumentList>
      </action>
      <action>
         <name>TcAddRoute</name>
         <argumentList>
            <argument>
               <name>Name</name>
               <direction>in</direction>
               <relatedStateVariable>String</relatedStateVariable>
            </argument>
            <argument>
               <name>Address</name>
               <direction>in</direction>
               <relatedStateVariable>String</relatedStateVariable>
            </argument>
            <argument>
               <name>AmsAddress</name>
               <direction>in</direction>
               <relatedStateVariable>String</relatedStateVariable>
            </argument>
            <argument>
               <name>Flags</name>
               <direction>in</direction>
               <relatedStateVariable>Int</relatedStateVariable>
            </argument>
            <argument>
               <name>Timeout</name>
               <direction>in</direction>
               <relatedStateVariable>Int</relatedStateVariable>
            </argument>
            <argument>
               <name>Transport</name>
               <direction>in</direction>
               <relatedStateVariable>Int</relatedStateVariable>
            </argument>
            <argument>
               <name>Error</name>
               <direction>out</direction>
               <relatedStateVariable>String</relatedStateVariable>
            </argument>
         </argumentList>
      </action>
      <action>
         <name>TcDeleteRoute</name>
         <argumentList>
            <argument>
               <name>Path</name>
               <direction>in</direction>
               <relatedStateVariable>String</relatedStateVariable>
            </argument>
            <argument>
               <name>Error</name>
               <direction>out</direction>
               <relatedStateVariable>String</relatedStateVariable>
            </argument>
         </argumentList>
      </action>
      <action>
         <name>TcGetInfo</name>
         <argumentList>
            <argument>
               <name>Build</name>
               <direction>out</direction>
               <relatedStateVariable>String</relatedStateVariable>
            </argument>
            <argument>
               <name>Version</name>
               <direction>out</direction>
               <relatedStateVariable>String</relatedStateVariable>
            </argument>
            <argument>
               <name>Level</name>
               <direction>out</direction>
               <relatedStateVariable>String</relatedStateVariable>
            </argument>
            <argument>
               <name>NetId</name>
               <direction>out</direction>
               <relatedStateVariable>String</relatedStateVariable>
            </argument>
            <argument>
               <name>Error</name>
               <direction>out</direction>
               <relatedStateVariable>String</relatedStateVariable>
            </argument>
         </argumentList>
      </action>
      <action>
         <name>TcGetLog</name>
         <argumentList>
            <argument>
               <name>Text</name>
               <direction>out</direction>
               <relatedStateVariable>String</relatedStateVariable>
            </argument>
            <argument>
               <name>Error</name>
               <direction>out</direction>
               <relatedStateVariable>String</relatedStateVariable>
            </argument>
         </argumentList>
      </action>
      <action>
         <name>TcGetRoute</name>
         <argumentList>
            <argument>
               <name>Path</name>
               <direction>in</direction>
               <relatedStateVariable>String</relatedStateVariable>
            </argument>
            <argument>
               <name>Name</name>
               <direction>out</direction>
               <relatedStateVariable>String</relatedStateVariable>
            </argument>
            <argument>
               <name>Address</name>
               <direction>out</direction>
               <relatedStateVariable>String</relatedStateVariable>
            </argument>
            <argument>
               <name>AmsAddress</name>
               <direction>out</direction>
               <relatedStateVariable>String</relatedStateVariable>
            </argument>
            <argument>
               <name>Flags</name>
               <direction>out</direction>
               <relatedStateVariable>Int</relatedStateVariable>
            </argument>
            <argument>
               <name>Timeout</name>
               <direction>out</direction>
               <relatedStateVariable>Int</relatedStateVariable>
            </argument>
            <argument>
               <name>Transport</name>
               <direction>out</direction>
               <relatedStateVariable>Int</relatedStateVariable>
            </argument>
            <argument>
               <name>Error</name>
               <direction>out</direction>
               <relatedStateVariable>String</relatedStateVariable>
            </argument>
         </argumentList>
      </action>
      <action>
         <name>TcGetSettings</name>
         <argumentList>
            <argument>
               <name>EnableLog</name>
               <direction>out</direction>
               <relatedStateVariable>Bool</relatedStateVariable>
            </argument>
            <argument>
               <name>LogFile</name>
               <direction>out</direction>
               <relatedStateVariable>String</relatedStateVariable>
            </argument>
            <argument>
               <name>LogSize</name>
               <direction>out</direction>
               <relatedStateVariable>Int</relatedStateVariable>
            </argument>
            <argument>
               <name>RunAsDevice</name>
               <direction>out</direction>
               <relatedStateVariable>Bool</relatedStateVariable>
            </argument>
            <argument>
               <name>ShowTargetVisu</name>
               <direction>out</direction>
               <relatedStateVariable>Bool</relatedStateVariable>
            </argument>
            <argument>
               <name>ShowTargetVisuOption</name>
               <direction>out</direction>
               <relatedStateVariable>Bool</relatedStateVariable>
            </argument>
            <argument>
               <name>AdsSerialAvailable</name>
               <direction>out</direction>
               <relatedStateVariable>Bool</relatedStateVariable>
            </argument>
            <argument>
               <name>AdsSerialEnabled</name>
               <direction>out</direction>
               <relatedStateVariable>Bool</relatedStateVariable>
            </argument>
            <argument>
               <name>Error</name>
               <direction>out</direction>
               <relatedStateVariable>String</relatedStateVariable>
            </argument>
         </argumentList>
      </action>
      <action>
         <name>TcGetState</name>
         <argumentList>
            <argument>
               <name>State</name>
               <direction>out</direction>
               <relatedStateVariable>String</relatedStateVariable>
            </argument>
            <argument>
               <name>Error</name>
               <direction>out</direction>
               <relatedStateVariable>String</relatedStateVariable>
            </argument>
         </argumentList>
      </action>
      <action>
         <name>TcRouteEnum</name>
         <argumentList>
            <argument>
               <name>XML</name>
               <direction>out</direction>
               <relatedStateVariable>String</relatedStateVariable>
            </argument>
            <argument>
               <name>Error</name>
               <direction>out</direction>
               <relatedStateVariable>String</relatedStateVariable>
            </argument>
         </argumentList>
      </action>
      <action>
         <name>TcSetSettings</name>
         <argumentList>
            <argument>
               <name>EnableLog</name>
               <direction>in</direction>
               <relatedStateVariable>Bool</relatedStateVariable>
            </argument>
            <argument>
               <name>LogFile</name>
               <direction>in</direction>
               <relatedStateVariable>String</relatedStateVariable>
            </argument>
            <argument>
               <name>LogSize</name>
               <direction>in</direction>
               <relatedStateVariable>Int</relatedStateVariable>
            </argument>
            <argument>
               <name>RunAsDevice</name>
               <direction>in</direction>
               <relatedStateVariable>Bool</relatedStateVariable>
            </argument>
            <argument>
               <name>ShowTargetVisuOption</name>
               <direction>in</direction>
               <relatedStateVariable>Bool</relatedStateVariable>
            </argument>
            <argument>
               <name>AdsSerialEnabled</name>
               <direction>in</direction>
               <relatedStateVariable>Bool</relatedStateVariable>
            </argument>
            <argument>
               <name>Error</name>
               <direction>out</direction>
               <relatedStateVariable>String</relatedStateVariable>
            </argument>
         </argumentList>
      </action>
      <action>
         <name>TimeGetSettings</name>
         <argumentList>
            <argument>
               <name>SntpServer</name>
               <direction>out</direction>
               <relatedStateVariable>String</relatedStateVariable>
            </argument>
            <argument>
               <name>SntpRefresh</name>
               <direction>out</direction>
               <relatedStateVariable>Int</relatedStateVariable>
            </argument>
            <argument>
               <name>Time</name>
               <direction>out</direction>
               <relatedStateVariable>String</relatedStateVariable>
            </argument>
            <argument>
               <name>Date</name>
               <direction>out</direction>
               <relatedStateVariable>String</relatedStateVariable>
            </argument>
            <argument>
               <name>TimeZone</name>
               <direction>out</direction>
               <relatedStateVariable>Int</relatedStateVariable>
            </argument>
            <argument>
               <name>Error</name>
               <direction>out</direction>
               <relatedStateVariable>String</relatedStateVariable>
            </argument>
         </argumentList>
      </action>
      <action>
         <name>TimeSetSettings</name>
         <argumentList>
            <argument>
               <name>SntpServer</name>
               <direction>in</direction>
               <relatedStateVariable>String</relatedStateVariable>
            </argument>
            <argument>
               <name>SntpRefresh</name>
               <direction>in</direction>
               <relatedStateVariable>Int</relatedStateVariable>
            </argument>
            <argument>
               <name>Time</name>
               <direction>in</direction>
               <relatedStateVariable>String</relatedStateVariable>
            </argument>
            <argument>
               <name>Date</name>
               <direction>in</direction>
               <relatedStateVariable>String</relatedStateVariable>
            </argument>
            <argument>
               <name>TimeZone</name>
               <direction>in</direction>
               <relatedStateVariable>Int</relatedStateVariable>
            </argument>
            <argument>
               <name>Error</name>
               <direction>out</direction>
               <relatedStateVariable>String</relatedStateVariable>
            </argument>
         </argumentList>
      </action>
      <action>
         <name>TimeZoneEnum</name>
         <argumentList>
            <argument>
               <name>XML</name>
               <direction>out</direction>
               <relatedStateVariable>String</relatedStateVariable>
            </argument>
            <argument>
               <name>Error</name>
               <direction>out</direction>
               <relatedStateVariable>String</relatedStateVariable>
            </argument>
         </argumentList>
      </action>
      <action>
         <name>UserAdd</name>
         <argumentList>
            <argument>
               <name>UserName</name>
               <direction>in</direction>
               <relatedStateVariable>String</relatedStateVariable>
            </argument>
            <argument>
               <name>FtpEnabled</name>
               <direction>in</direction>
               <relatedStateVariable>Bool</relatedStateVariable>
            </argument>
            <argument>
               <name>RasEnabled</name>
               <direction>in</direction>
               <relatedStateVariable>Bool</relatedStateVariable>
            </argument>
            <argument>
               <name>SmbEnabled</name>
               <direction>in</direction>
               <relatedStateVariable>Bool</relatedStateVariable>
            </argument>
            <argument>
               <name>Password</name>
               <direction>in</direction>
               <relatedStateVariable>String</relatedStateVariable>
            </argument>
            <argument>
               <name>Error</name>
               <direction>out</direction>
               <relatedStateVariable>String</relatedStateVariable>
            </argument>
         </argumentList>
      </action>
      <action>
         <name>UserDelete</name>
         <argumentList>
            <argument>
               <name>UserName</name>
               <direction>in</direction>
               <relatedStateVariable>String</relatedStateVariable>
            </argument>
            <argument>
               <name>Error</name>
               <direction>out</direction>
               <relatedStateVariable>String</relatedStateVariable>
            </argument>
         </argumentList>
      </action>
      <action>
         <name>UserEnum</name>
         <argumentList>
            <argument>
               <name>XML</name>
               <direction>out</direction>
               <relatedStateVariable>String</relatedStateVariable>
            </argument>
            <argument>
               <name>Error</name>
               <direction>out</direction>
               <relatedStateVariable>String</relatedStateVariable>
            </argument>
         </argumentList>
      </action>
      <action>
         <name>UserSetPassword</name>
         <argumentList>
            <argument>
               <name>UserName</name>
               <direction>in</direction>
               <relatedStateVariable>String</relatedStateVariable>
            </argument>
            <argument>
               <name>Password</name>
               <direction>in</direction>
               <relatedStateVariable>String</relatedStateVariable>
            </argument>
            <argument>
               <name>Error</name>
               <direction>out</direction>
               <relatedStateVariable>String</relatedStateVariable>
            </argument>
         </argumentList>
      </action>
   </actionList>
   <serviceStateTable>
      <stateVariable sendEvents="no">
         <name>Bool</name>
         <dataType>boolean</dataType>
      </stateVariable>
      <stateVariable sendEvents="no">
         <name>Int</name>
         <dataType>i4</dataType>
      </stateVariable>
      <stateVariable sendEvents="no">
         <name>String</name>
         <dataType>string</dataType>
      </stateVariable>
   </serviceStateTable>
</scpd>
