<?xml version="1.0" encoding="utf-8" standalone="no"?>
<TcOpcXmlSvrConfiguration>
    <Namespace>
        <Devices>

            <Device>
                <Name>PLC1</Name>
                <AdsPort>801</AdsPort>
                <AdsNetId>0.0.0.0.0.0</AdsNetId>
                <AdsTimeout>2000</AdsTimeout>
                <AdsTimeSuspend>20000</AdsTimeSuspend>
                <AutoCfg>5</AutoCfg>
                <AutoCfgSymFile>\hard disk\TwinCAT\BOOT\CurrentPlc_1.tpy</AutoCfgSymFile>
                <Disabled>0</Disabled>
            </Device>
            
            <Device>
                <Name>PLC2</Name>
                <AdsPort>811</AdsPort>
                <AdsNetId>0.0.0.0.0.0</AdsNetId>
                <AdsTimeout>2000</AdsTimeout>
                <AdsTimeSuspend>20000</AdsTimeSuspend>
                <AutoCfg>7</AutoCfg>
                <AutoCfgSymFile>\hard disk\TwinCAT\BOOT\CurrentPlc_2.tpy</AutoCfgSymFile>
                <Disabled>0</Disabled>
            </Device>            

            <Device>
                <Name>PLC3</Name>
                <AdsPort>821</AdsPort>
                <AdsNetId>0.0.0.0.0.0</AdsNetId>
                <AdsTimeout>2000</AdsTimeout>
                <AdsTimeSuspend>20000</AdsTimeSuspend>
                <AutoCfg>7</AutoCfg>
                <AutoCfgSymFile>\hard disk\TwinCAT\BOOT\CurrentPlc_3.tpy</AutoCfgSymFile>
                <Disabled>0</Disabled>
            </Device>            

            <Device>
                <Name>PLC4</Name>
                <AdsPort>831</AdsPort>
                <AdsNetId>0.0.0.0.0.0</AdsNetId>
                <AdsTimeout>2000</AdsTimeout>
                <AdsTimeSuspend>20000</AdsTimeSuspend>
                <AutoCfg>7</AutoCfg>
                <AutoCfgSymFile>\hard disk\TwinCAT\BOOT\CurrentPlc_4.tpy</AutoCfgSymFile>
                <Disabled>0</Disabled>
            </Device>            

        </Devices>
    </Namespace>
</TcOpcXmlSvrConfiguration>